infinitive,accented_infinitive,stem,suffix,aspect,partners,conjugation_type,ru_verb_presfut_sg1,ru_verb_presfut_sg2,ru_verb_presfut_sg3,ru_verb_presfut_pl1,ru_verb_presfut_pl2,ru_verb_presfut_pl3,ru_verb_imperative_sg,ru_verb_imperative_pl,ru_verb_past_m,ru_verb_past_f,ru_verb_past_n,ru_verb_past_pl
бежать,бежа'ть,беж,ать,imperfective,побежать,*и-conj,*бегу',бежи'шь,бежи'т,бежи'м,бежи'те,*бегу'т,*беги',*беги'те,бежа'л,бежа'ла,бежа'ло,бежа'ли
побежать,побежа'ть,побеж,ать,perfective,бежать,*и-conj,*побегу',побежи'шь,побежи'т,побежи'м,побежи'те,*побегу'т,*побеги',*побеги'те,побежа'л,побежа'ла,побежа'ло,побежа'ли
брать,бра'ть,бр,ать,imperfective,взять;побрать,е-conj,*беру',*берёшь,*берёт,*берём,*берёте,*беру'т,*бери',*бери'те,бра'л,~брала',бра'ло,бра'ли
взять,взя'ть,вз,ять,perfective,брать,е-conj,*возьму',*возьмёшь,*возьмёт,*возьмём,*возьмёте,*возьму'т,*возьми',*возьми'те,взя'л,~взяла',~взяло',взя'ли
бросать,броса'ть,брос,ать,imperfective,бросить,е-conj,броса'ю,броса'ешь,броса'ет,броса'ем,броса'ете,броса'ют,броса'й,броса'йте,броса'л,броса'ла,броса'ло,броса'ли
бросить,бро'сить,брос,ить,perfective,бросать,и-conj,*бро'шу,бро'сишь,бро'сит,бро'сим,бро'сите,бро'сят,бро'сь,бро'сьте,бро'сил,бро'сила,бро'сило,бро'сили
варить,вари'ть,вар,ить,imperfective,сварить,и-conj,варю',~ва'ришь,~ва'рит,~ва'рим,~ва'рите,~ва'рят,вари',вари'те,вари'л,вари'ла,вари'ло,вари'ли
сварить,свари'ть,свар,ить,perfective,"варить,сваривать",и-conj,сварю',~сва'ришь,~сва'рит,~сва'рим,~сва'рите,~сва'рят,свари',свари'те,свари'л,свари'ла,свари'ло,свари'ли
видеть,ви'деть,вид,еть,imperfective,увидеть,*и-conj,*ви'жу,ви'дишь,ви'дит,ви'дим,ви'дите,ви'дят,ви'дь,ви'дьте,ви'дел,ви'дела,ви'дело,ви'дели
увидеть,уви'деть,увид,еть,perfective,видеть,*и-conj,*уви'жу,уви'дишь,уви'дит,уви'дим,уви'дите,уви'дят,уви'дь,уви'дьте,уви'дел,уви'дела,уви'дело,уви'дели
вставать,встава'ть,встав,ать,imperfective,встать,е-conj,встаю',встаёшь,встаёт,встаём,встаёте,встаю'т,встава'й,встава'йте,встава'л,встава'ла,встава'ло,встава'ли
встать,вста'ть,вст,ать,perfective,вставать,е-conj,*вста'ну,*вста'нешь,*вста'нет,*вста'нем,*вста'нете,*вста'нут,*вста'нь,*вста'ньте,вста'л,вста'ла,вста'ло,вста'ли
встречаться,встреча'ться,встреч,аться,imperfective,встретиться,е-conj,встреча'юсь,встреча'ешься,встреча'ется,встреча'емся,встреча'етесь,встреча'ются,встреча'йся,встреча'йтесь,встреча'лся,встреча'лась,встреча'лось,встреча'лись
встретиться,встре'титься,встрет,иться,perfective,встречаться,и-conj,*встре'чусь,встре'тишься,встре'тится,встре'тимся,встре'титесь,встре'тятся,встре'ться,встре'тьтесь,встре'тился,встре'тилась,встре'тилось,встре'тились
выступать,выступа'ть,выступ,ать,imperfective,выступить,е-conj,выступа'ю,выступа'ешь,выступа'ет,выступа'ем,выступа'ете,выступа'ют,выступа'й,выступа'йте,выступа'л,выступа'ла,выступа'ло,выступа'ли
выступить,вы'ступить,выступ,ить,perfective,выступать,и-conj,вы'ступлю,вы'ступишь,вы'ступит,вы'ступим,вы'ступите,вы'ступят,вы'ступи,вы'ступите,вы'ступил,вы'ступила,вы'ступило,вы'ступили
говорить,говори'ть,говор,ить,imperfective,сказать;поговорить,и-conj,говорю',говори'шь,говори'т,говори'м,говори'те,говоря'т,говори',говори'те,говори'л,говори'ла,говори'ло,говори'ли
сказать,сказа'ть,сказ,ать,perfective,говорить;ска'зывать,е-conj,*скажу',*ска'жешь,*ска'жет,*ска'жем,*ска'жете,*ска'жут,*скажи',*скажи'те,сказа'л,сказа'ла,сказа'ло,сказа'ли
поговорить,поговори'ть,поговор,ить,perfective,говорить;поговаривать,и-conj,поговорю',поговори'шь,поговори'т,поговори'м,поговори'те,поговоря'т,поговори',поговори'те,поговори'л,поговори'ла,поговори'ло,поговори'ли
готовить,гото'вить,готов,ить,imperfective,приготовить;подготовить;заготовить,и-conj,гото'влю,гото'вишь,гото'вит,гото'вим,гото'вите,гото'вят,гото'вь,гото'вьте,гото'вил,гото'вила,гото'вило,гото'вили
приготовить,пригото'вить,приготов,ить,perfective,"готовить,приготовлять,приготавливать",и-conj,пригото'влю,пригото'вишь,пригото'вит,пригото'вим,пригото'вите,пригото'вят,пригото'вь,пригото'вьте,пригото'вил,пригото'вила,пригото'вило,пригото'вили
давать,дава'ть,дав,ать,imperfective,дать,е-conj,даю',даёшь,даёт,даём,даёте,даю'т,дава'й,дава'йте,дава'л,дава'ла,дава'ло,дава'ли
дать,да'ть,д,ать,perfective,давать,unknown,*да'м,*да'шь,*да'ст,*дади'м,*дади'те,*даду'т,*да'й,*да'йте,да'л,~дала',~дало',да'ли
делать,де'лать,дел,ать,imperfective,сделать;поделать,е-conj,де'лаю,де'лаешь,де'лает,де'лаем,де'лаете,де'лают,де'лай,де'лайте,де'лал,де'лала,де'лало,де'лали
сделать,сде'лать,сдел,ать,perfective,делать,е-conj,сде'лаю,сде'лаешь,сде'лает,сде'лаем,сде'лаете,сде'лают,сде'лай,сде'лайте,сде'лал,сде'лала,сде'лало,сде'лали
думать,ду'мать,дум,ать,imperfective,подумать,е-conj,ду'маю,ду'маешь,ду'мает,ду'маем,ду'маете,ду'мают,ду'май,ду'майте,ду'мал,ду'мала,ду'мало,ду'мали
подумать,поду'мать,подум,ать,perfective,думать,е-conj,поду'маю,поду'маешь,поду'мает,поду'маем,поду'маете,поду'мают,поду'май,поду'майте,поду'мал,поду'мала,поду'мало,поду'мали
ехать,е'хать,ех,ать,imperfective,поехать;е'здить,е-conj,*е'ду,*е'дешь,*е'дет,*е'дем,*е'дете,*е'дут,*езжа'й,*езжа'йте,е'хал,е'хала,е'хало,е'хали
поехать,пое'хать,поех,ать,perfective,ехать,е-conj,*пое'ду,*пое'дешь,*пое'дет,*пое'дем,*пое'дете,*пое'дут,*поезжа'й,*поезжа'йте,пое'хал,пое'хала,пое'хало,пое'хали
есть,е'сть,,,imperfective,съесть;поесть,е-conj,*е'м,*е'шь,*е'ст,*еди'м,*еди'те,*едя'т,*е'шь,*е'шьте,*е'л,*е'ла,*е'ло,*е'ли
съесть,съе'сть,,,perfective,"есть,съедать",е-conj,*съе'м,*съе'шь,*съе'ст,*съеди'м,*съеди'те,*съедя'т,*съе'шь,*съе'шьте,*съе'л,*съе'ла,*съе'ло,*съе'ли
поесть,пое'сть,,,perfective,"есть,поедать",е-conj,*пое'м,*пое'шь,*пое'ст,*поеди'м,*поеди'те,*поедя'т,*пое'шь,*пое'шьте,*пое'л,*пое'ла,*пое'ло,*пое'ли
ждать,жда'ть,жд,ать,imperfective,подождать,е-conj,*жду',*ждёшь,*ждёт,*ждём,*ждёте,*жду'т,*жди',*жди'те,жда'л,~ждала',жда'ло,жда'ли
подождать,подожда'ть,подожд,ать,perfective,ждать,е-conj,*подожду',*подождёшь,*подождёт,*подождём,*подождёте,*подожду'т,*подожди',*подожди'те,подожда'л,~подождала',подожда'ло,подожда'ли
завтракать,за'втракать,завтрак,ать,imperfective,позавтракать,е-conj,за'втракаю,за'втракаешь,за'втракает,за'втракаем,за'втракаете,за'втракают,за'втракай,за'втракайте,за'втракал,за'втракала,за'втракало,за'втракали
позавтракать,поза'втракать,позавтрак,ать,perfective,завтракать,е-conj,поза'втракаю,поза'втракаешь,поза'втракает,поза'втракаем,поза'втракаете,поза'втракают,поза'втракай,поза'втракайте,поза'втракал,поза'втракала,поза'втракало,поза'втракали
заказывать,зака'зывать,заказыв,ать,imperfective,заказать,е-conj,зака'зываю,зака'зываешь,зака'зывает,зака'зываем,зака'зываете,зака'зывают,зака'зывай,зака'зывайте,зака'зывал,зака'зывала,зака'зывало,зака'зывали
заказать,заказа'ть,заказ,ать,perfective,заказывать,е-conj,*закажу',*зака'жешь,*зака'жет,*зака'жем,*зака'жете,*зака'жут,*закажи',*закажи'те,заказа'л,заказа'ла,заказа'ло,заказа'ли
заканчивать,зака'нчивать,заканчив,ать,imperfective,закончить,е-conj,зака'нчиваю,зака'нчиваешь,зака'нчивает,зака'нчиваем,зака'нчиваете,зака'нчивают,зака'нчивай,зака'нчивайте,зака'нчивал,зака'нчивала,зака'нчивало,зака'нчивали
закончить,зако'нчить,законч,ить,perfective,заканчивать,и-conj,зако'нчу,зако'нчишь,зако'нчит,зако'нчим,зако'нчите,зако'нчат,*зако'нчи,*зако'нчите,зако'нчил,зако'нчила,зако'нчило,зако'нчили
закрываться,закрыва'ться,закрыв,аться,imperfective,закрыться,е-conj,закрыва'юсь,закрыва'ешься,закрыва'ется,закрыва'емся,закрыва'етесь,закрыва'ются,закрыва'йся,закрыва'йтесь,закрыва'лся,закрыва'лась,закрыва'лось,закрыва'лись
закрыться,закры'ться,закр,ыться,perfective,закрываться,е-conj,*закро'юсь,*закро'ешься,*закро'ется,*закро'емся,*закро'етесь,*закро'ются,*закро'йся,*закро'йтесь,закры'лся,закры'лась,закры'лось,закры'лись
записывать,запи'сывать,записыв,ать,imperfective,записать,е-conj,запи'сываю,запи'сываешь,запи'сывает,запи'сываем,запи'сываете,запи'сывают,запи'сывай,запи'сывайте,запи'сывал,запи'сывала,запи'сывало,запи'сывали
записать,записа'ть,запис,ать,perfective,записывать,е-conj,*запишу',*запи'шешь,*запи'шет,*запи'шем,*запи'шете,*запи'шут,*запиши',*запиши'те,записа'л,записа'ла,записа'ло,записа'ли
запоминать,запомина'ть,запомин,ать,imperfective,запомнить,е-conj,запомина'ю,запомина'ешь,запомина'ет,запомина'ем,запомина'ете,запомина'ют,запомина'й,запомина'йте,запомина'л,запомина'ла,запомина'ло,запомина'ли
запомнить,запо'мнить,запомн,ить,perfective,помнить;запоминать,и-conj,запо'мню,запо'мнишь,запо'мнит,запо'мним,запо'мните,запо'мнят,*запо'мни,*запо'мните,запо'мнил,запо'мнила,запо'мнило,запо'мнили
звонить,звони'ть,звон,ить,imperfective,позвонить,и-conj,звоню',звони'шь,звони'т,звони'м,звони'те,звоня'т,звони',звони'те,звони'л,звони'ла,звони'ло,звони'ли
позвонить,позвони'ть,позвон,ить,perfective,звонить,и-conj,позвоню',позвони'шь,позвони'т,позвони'м,позвони'те,позвоня'т,позвони',позвони'те,позвони'л,позвони'ла,позвони'ло,позвони'ли
знать,зна'ть,зн,ать,imperfective,узнать,е-conj,зна'ю,зна'ешь,зна'ет,зна'ем,зна'ете,зна'ют,зна'й,зна'йте,зна'л,зна'ла,зна'ло,зна'ли
узнать,узна'ть,узн,ать,perfective,знать;узнавать,е-conj,узна'ю,узна'ешь,узна'ет,узна'ем,узна'ете,узна'ют,узна'й,узна'йте,узна'л,узна'ла,узна'ло,узна'ли
казаться,каза'ться,каз,аться,imperfective,показаться,е-conj,*кажу'сь,*ка'жешься,*ка'жется,*ка'жемся,*ка'жетесь,*ка'жутся,*кажи'сь,*кажи'тесь,каза'лся,каза'лась,каза'лось,каза'лись
показаться,показа'ться,показ,аться,perfective,казаться;показываться,е-conj,*покажу'сь,*пока'жешься,*пока'жется,*пока'жемся,*пока'жетесь,*пока'жутся,*покажи'сь,*покажи'тесь,показа'лся,показа'лась,показа'лось,показа'лись
класть,кла'сть,,,imperfective,положить;сложить;наложить,е-conj,*кладу',*кладёшь,*кладёт,*кладём,*кладёте,*кладу'т,*клади',*клади'те,*клал,*кла'ла,*кла'ло,*кла'ли
положить,положи'ть,полож,ить,perfective,класть,и-conj,положу',~поло'жишь,~поло'жит,~поло'жим,~поло'жите,~поло'жат,положи',положи'те,положи'л,положи'ла,положи'ло,положи'ли
ложиться,ложи'ться,лож,иться,imperfective,лечь,и-conj,ложу'сь,ложи'шься,ложи'тся,ложи'мся,ложи'тесь,ложа'тся,ложи'сь,ложи'тесь,ложи'лся,ложи'лась,ложи'лось,ложи'лись
лечь,ле'чь,ле,чь,perfective,ложиться,е-conj,*ля'гу,*ля'жешь,*ля'жет,*ля'жем,*ля'жете,*ля'гут,*ля'г,*ля'гте,*лёг,*легла',*легло',*легли'
мыть,мы'ть,м,ыть,imperfective,помыть;вымыть,е-conj,*мо'ю,*мо'ешь,*мо'ет,*мо'ем,*мо'ете,*мо'ют,*мо'й,*мо'йте,мы'л,мы'ла,мы'ло,мы'ли
помыть,помы'ть,пом,ыть,perfective,мыть,е-conj,*помо'ю,*помо'ешь,*помо'ет,*помо'ем,*помо'ете,*помо'ют,*помо'й,*помо'йте,помы'л,помы'ла,помы'ло,помы'ли
надевать,надева'ть,надев,ать,imperfective,надеть,е-conj,*надева'ю,*надева'ешь,*надева'ет,*надева'ем,*надева'ете,*надева'ют,*надева'й,*надева'йте,надева'л,надева'ла,надева'ло,надева'ли
надеть,наде'ть,над,еть,perfective,надевать,е-conj,*наде'ну,*наде'нешь,*наде'нет,*наде'нем,*наде'нете,*наде'нут,*наде'нь,*наде'ньте,наде'л,наде'ла,наде'ло,наде'ли
нравиться,нра'виться,нрав,иться,imperfective,понравиться,и-conj,нра'влюсь,нра'вишься,нра'вится,нра'вимся,нра'витесь,нра'вятся,нра'вься,нра'вьтесь,нра'вился,нра'вилась,нра'вилось,нра'вились
понравиться,понра'виться,понрав,иться,perfective,нравиться,и-conj,понра'влюсь,понра'вишься,понра'вится,понра'вимся,понра'витесь,понра'вятся,понра'вься,понра'вьтесь,понра'вился,понра'вилась,понра'вилось,понра'вились
обедать,обе'дать,обед,ать,imperfective,пообедать,е-conj,обе'даю,обе'даешь,обе'дает,обе'даем,обе'даете,обе'дают,обе'дай,обе'дайте,обе'дал,обе'дала,обе'дало,обе'дали
пообедать,пообе'дать,пообед,ать,perfective,обедать,е-conj,пообе'даю,пообе'даешь,пообе'дает,пообе'даем,пообе'даете,пообе'дают,пообе'дай,пообе'дайте,пообе'дал,пообе'дала,пообе'дало,пообе'дали
обсуждать,обсужда'ть,обсужд,ать,imperfective,обсудить,е-conj,обсужда'ю,обсужда'ешь,обсужда'ет,обсужда'ем,обсужда'ете,обсужда'ют,обсужда'й,обсужда'йте,обсужда'л,обсужда'ла,обсужда'ло,обсужда'ли
обсудить,обсуди'ть,обсуд,ить,perfective,обсуждать;обсу'живать,и-conj,*обсужу',~обсу'дишь,~обсу'дит,~обсу'дим,~обсу'дите,~обсу'дят,обсуди',обсуди'те,обсуди'л,обсуди'ла,обсуди'ло,обсуди'ли
одеваться,одева'ться,одев,аться,imperfective,одеться,е-conj,*одева'юсь,*одева'ешься,*одева'ется,*одева'емся,*одева'етесь,*одева'ются,*одева'йся,*одева'йтесь,одева'лся,одева'лась,одева'лось,одева'лись
одеться,оде'ться,од,еться,perfective,одеваться,е-conj,*оде'нусь,*оде'нешься,*оде'нется,*оде'немся,*оде'нетесь,*оде'нутся,*оде'нься,*оде'ньтесь,оде'лся,оде'лась,оде'лось,оде'лись
осматривать,осма'тривать,осматрив,ать,imperfective,осмотреть,е-conj,осма'триваю,осма'триваешь,осма'тривает,осма'триваем,осма'триваете,осма'тривают,осма'тривай,осма'тривайте,осма'тривал,осма'тривала,осма'тривало,осма'тривали
осмотреть,осмотре'ть,осмотр,еть,perfective,осматривать,*и-conj,осмотрю',~осмо'тришь,~осмо'трит,~осмо'трим,~осмо'трите,~осмо'трят,осмотри',осмотри'те,осмотре'л,осмотре'ла,осмотре'ло,осмотре'ли
отвечать,отвеча'ть,отвеч,ать,imperfective,ответить,е-conj,отвеча'ю,отвеча'ешь,отвеча'ет,отвеча'ем,отвеча'ете,отвеча'ют,отвеча'й,отвеча'йте,отвеча'л,отвеча'ла,отвеча'ло,отвеча'ли
ответить,отве'тить,ответ,ить,perfective,отвечать,и-conj,*отве'чу,отве'тишь,отве'тит,отве'тим,отве'тите,отве'тят,отве'ть,отве'тьте,отве'тил,отве'тила,отве'тило,отве'тили
отдыхать,отдыха'ть,отдых,ать,imperfective,отдохнуть,е-conj,отдыха'ю,отдыха'ешь,отдыха'ет,отдыха'ем,отдыха'ете,отдыха'ют,отдыха'й,отдыха'йте,отдыха'л,отдыха'ла,отдыха'ло,отдыха'ли
отдохнуть,отдохну'ть,отдохн,уть,perfective,отдыхать,е-conj,*отдохну',*отдохнёшь,*отдохнёт,*отдохнём,*отдохнёте,*отдохну'т,*отдохни',*отдохни'те,отдохну'л,отдохну'ла,отдохну'ло,отдохну'ли
открываться,открыва'ться,открыв,аться,imperfective,открыться,е-conj,открыва'юсь,открыва'ешься,открыва'ется,открыва'емся,открыва'етесь,открыва'ются,открыва'йся,открыва'йтесь,открыва'лся,открыва'лась,открыва'лось,открыва'лись
открыться,откры'ться,откр,ыться,perfective,открываться,е-conj,*откро'юсь,*откро'ешься,*откро'ется,*откро'емся,*откро'етесь,*откро'ются,*откро'йся,*откро'йтесь,откры'лся,откры'лась,откры'лось,откры'лись
пить,пи'ть,п,ить,imperfective,выпить;попить,*е-conj,*пью',*пьёшь,*пьёт,*пьём,*пьёте,*пью'т,*пе'й,*пе'йте,пи'л,~пила',пи'ло,пи'ли
выпить,вы'пить,вып,ить,perfective,пить;выпивать,*е-conj,*вы'пью,*вы'пьешь,*вы'пьет,*вы'пьем,*вы'пьете,*вы'пьют,*вы'пей,*вы'пейте,вы'пил,вы'пила,вы'пило,вы'пили
писать,писа'ть,пис,ать,imperfective,написать,е-conj,*пишу',*пи'шешь,*пи'шет,*пи'шем,*пи'шете,*пи'шут,*пиши',*пиши'те,писа'л,писа'ла,писа'ло,писа'ли
написать,написа'ть,напис,ать,perfective,писать,е-conj,*напишу',*напи'шешь,*напи'шет,*напи'шем,*напи'шете,*напи'шут,*напиши',*напиши'те,написа'л,написа'ла,написа'ло,написа'ли
платить,плати'ть,плат,ить,imperfective,выплатить;заплатить,и-conj,*плачу',~пла'тишь,~пла'тит,~пла'тим,~пла'тите,~пла'тят,плати',плати'те,плати'л,плати'ла,плати'ло,плати'ли
заплатить,заплати'ть,заплат,ить,perfective,платить,и-conj,*заплачу',~запла'тишь,~запла'тит,~запла'тим,~запла'тите,~запла'тят,заплати',заплати'те,заплати'л,заплати'ла,заплати'ло,заплати'ли
показывать,пока'зывать,показыв,ать,imperfective,показать,е-conj,пока'зываю,пока'зываешь,пока'зывает,пока'зываем,пока'зываете,пока'зывают,пока'зывай,пока'зывайте,пока'зывал,пока'зывала,пока'зывало,пока'зывали
показать,показа'ть,показ,ать,perfective,показывать,е-conj,*покажу',*пока'жешь,*пока'жет,*пока'жем,*пока'жете,*пока'жут,*покажи',*покажи'те,показа'л,показа'ла,показа'ло,показа'ли
покупать,покупа'ть,покуп,ать,imperfective,купить,е-conj,покупа'ю,покупа'ешь,покупа'ет,покупа'ем,покупа'ете,покупа'ют,покупа'й,покупа'йте,покупа'л,покупа'ла,покупа'ло,покупа'ли
купить,купи'ть,куп,ить,perfective,покупать,и-conj,куплю',~ку'пишь,~ку'пит,~ку'пим,~ку'пите,~ку'пят,купи',купи'те,купи'л,купи'ла,купи'ло,купи'ли
помогать,помога'ть,помог,ать,imperfective,помочь,е-conj,помога'ю,помога'ешь,помога'ет,помога'ем,помога'ете,помога'ют,помога'й,помога'йте,помога'л,помога'ла,помога'ло,помога'ли
помочь,помо'чь,помо,чь,perfective,помогать,е-conj,*помогу',*помо'жешь,*помо'жет,*помо'жем,*помо'жете,*помо'гут,*помоги',*помоги'те,*помо'г,*помогла',*помогло',*помогли'
понимать,понима'ть,поним,ать,imperfective,понять,е-conj,понима'ю,понима'ешь,понима'ет,понима'ем,понима'ете,понима'ют,понима'й,понима'йте,понима'л,понима'ла,понима'ло,понима'ли
понять,поня'ть,пон,ять,perfective,понимать,е-conj,*пойму',*поймёшь,*поймёт,*поймём,*поймёте,*пойму'т,*пойми',*пойми'те,~по'нял,~поняла',~по'няло,~по'няли
приезжать,приезжа'ть,приезж,ать,imperfective,приехать,е-conj,приезжа'ю,приезжа'ешь,приезжа'ет,приезжа'ем,приезжа'ете,приезжа'ют,приезжа'й,приезжа'йте,приезжа'л,приезжа'ла,приезжа'ло,приезжа'ли
приехать,прие'хать,приех,ать,perfective,приезжать,е-conj,*прие'ду,*прие'дешь,*прие'дет,*прие'дем,*прие'дете,*прие'дут,*приезжа'й,*приезжа'йте,прие'хал,прие'хала,прие'хало,прие'хали
принимать,принима'ть,приним,ать,imperfective,принять,е-conj,принима'ю,принима'ешь,принима'ет,принима'ем,принима'ете,принима'ют,принима'й,принима'йте,принима'л,принима'ла,принима'ло,принима'ли
принять,приня'ть,прин,ять,perfective,принимать,е-conj,*приму',*при'мешь,*при'мет,*при'мем,*при'мете,*при'мут,*прими',*прими'те,~при'нял,~приняла',~при'няло,~при'няли
продавать,продава'ть,продав,ать,imperfective,продать,е-conj,продаю',продаёшь,продаёт,продаём,продаёте,продаю'т,продава'й,продава'йте,продава'л,продава'ла,продава'ло,продава'ли
продать,прода'ть,прод,ать,perfective,продавать,unknown,*прода'м,*прода'шь,*прода'ст,*продади'м,*продади'те,*продаду'т,*прода'й,*прода'йте,~про'дал,~продала',~продало',~про'дали
просить,проси'ть,прос,ить,imperfective,попросить,и-conj,*прошу',~про'сишь,~про'сит,~про'сим,~про'сите,~про'сят,проси',проси'те,проси'л,проси'ла,проси'ло,проси'ли
попросить,попроси'ть,попрос,ить,perfective,просить,и-conj,*попрошу',~попро'сишь,~попро'сит,~попро'сим,~попро'сите,~попро'сят,попроси',попроси'те,попроси'л,попроси'ла,попроси'ло,попроси'ли
проходить,проходи'ть,проход,ить,imperfective,пройти,и-conj,*прохожу',~прохо'дишь,~прохо'дит,~прохо'дим,~прохо'дите,~прохо'дят,проходи',проходи'те,проходи'л,проходи'ла,проходи'ло,проходи'ли
пройти,пройти',прой,ти,perfective,проходить,е-conj,*пройду',*пройдёшь,*пройдёт,*пройдём,*пройдёте,*пройду'т,*пройди',*пройди'те,*прошёл,*прошла',*прошло',*прошли'
раздеваться,раздева'ться,раздев,аться,imperfective,раздеться,е-conj,*раздева'юсь,*раздева'ешься,*раздева'ется,*раздева'емся,*раздева'етесь,*раздева'ются,*раздева'йся,*раздева'йтесь,раздева'лся,раздева'лась,раздева'лось,раздева'лись
раздеться,разде'ться,разд,еться,perfective,раздеваться,е-conj,*разде'нусь,*разде'нешься,*разде'нется,*разде'немся,*разде'нетесь,*разде'нутся,*разде'нься,*разде'ньтесь,разде'лся,разде'лась,разде'лось,разде'лись
расти,расти',рас,ти,imperfective,вырасти,е-conj,*расту',*растёшь,*растёт,*растём,*растёте,*расту'т,*расти',*расти'те,*ро'с,*росла',*росло',*росли'
вырасти,вы'расти,вырас,ти,perfective,"расти,вырастать",е-conj,*вы'расту,*вы'растешь,*вы'растет,*вы'растем,*вы'растете,*вы'растут,*вы'расти,*вы'растите,*вы'рос,*вы'росла,*вы'росло,*вы'росли
рисовать,рисова'ть,рисов,ать,imperfective,нарисовать,е-conj,рису'ю,рису'ешь,рису'ет,рису'ем,рису'ете,рису'ют,рису'й,рису'йте,рисова'л,рисова'ла,рисова'ло,рисова'ли
нарисовать,нарисова'ть,нарисов,ать,perfective,рисовать,е-conj,нарису'ю,нарису'ешь,нарису'ет,нарису'ем,нарису'ете,нарису'ют,нарису'й,нарису'йте,нарисова'л,нарисова'ла,нарисова'ло,нарисова'ли
смотреть,смотре'ть,смотр,еть,imperfective,посмотреть,*и-conj,смотрю',~смо'тришь,~смо'трит,~смо'трим,~смо'трите,~смо'трят,смотри',смотри'те,смотре'л,смотре'ла,смотре'ло,смотре'ли
посмотреть,посмотре'ть,посмотр,еть,perfective,смотреть,*и-conj,посмотрю',~посмо'тришь,~посмо'трит,~посмо'трим,~посмо'трите,~посмо'трят,посмотри',посмотри'те,посмотре'л,посмотре'ла,посмотре'ло,посмотре'ли
снимать,снима'ть,сним,ать,imperfective,снять,е-conj,снима'ю,снима'ешь,снима'ет,снима'ем,снима'ете,снима'ют,снима'й,снима'йте,снима'л,снима'ла,снима'ло,снима'ли
снять,сня'ть,сн,ять,perfective,снимать,е-conj,*сниму',*сни'мешь,*сни'мет,*сни'мем,*сни'мете,*сни'мут,*сними',*сними'те,сня'л,~сняла',сня'ло,сня'ли
спрашивать,спра'шивать,спрашив,ать,imperfective,спросить,е-conj,спра'шиваю,спра'шиваешь,спра'шивает,спра'шиваем,спра'шиваете,спра'шивают,спра'шивай,спра'шивайте,спра'шивал,спра'шивала,спра'шивало,спра'шивали
спросить,спроси'ть,спрос,ить,perfective,спрашивать,и-conj,*спрошу',~спро'сишь,~спро'сит,~спро'сим,~спро'сите,~спро'сят,спроси',спроси'те,спроси'л,спроси'ла,спроси'ло,спроси'ли
становиться,станови'ться,станов,иться,imperfective,стать,и-conj,становлю'сь,~стано'вишься,~стано'вится,~стано'вимся,~стано'витесь,~стано'вятся,станови'сь,станови'тесь,станови'лся,станови'лась,станови'лось,станови'лись
стать,ста'ть,ст,ать,perfective,становиться,е-conj,*ста'ну,*ста'нешь,*ста'нет,*ста'нем,*ста'нете,*ста'нут,*ста'нь,*ста'ньте,ста'л,ста'ла,ста'ло,ста'ли
стрелять,стреля'ть,стрел,ять,imperfective,выстрелить;стрельнуть;постреля'ть,е-conj,стреля'ю,стреля'ешь,стреля'ет,стреля'ем,стреля'ете,стреля'ют,стреля'й,стреля'йте,стреля'л,стреля'ла,стреля'ло,стреля'ли
выстрелить,вы'стрелить,выстрел,ить,perfective,"стрелять,выстреливать",и-conj,вы'стрелю,вы'стрелишь,вы'стрелит,вы'стрелим,вы'стрелите,вы'стрелят,вы'стрели,вы'стрелите,вы'стрелил,вы'стрелила,вы'стрелило,вы'стрелили
терять,теря'ть,тер,ять,imperfective,потерять,е-conj,теря'ю,теря'ешь,теря'ет,теря'ем,теря'ете,теря'ют,теря'й,теря'йте,теря'л,теря'ла,теря'ло,теря'ли
потерять,потеря'ть,потер,ять,perfective,терять,е-conj,потеря'ю,потеря'ешь,потеря'ет,потеря'ем,потеря'ете,потеря'ют,потеря'й,потеря'йте,потеря'л,потеря'ла,потеря'ло,потеря'ли
тереть,тере'ть,тер,еть,imperfective,стереть;потереть,е-conj,*тру',*трёшь,*трёт,*трём,*трёте,*тру'т,*три',*три'те,*тёр,*тёрла,*тёрло,*тёрли
стереть,стере'ть,стер,еть,perfective,стирать,е-conj,*сотру',*сотрёшь,*сотрёт,*сотрём,*сотрёте,*сотру'т,*сотри',*сотри'те,*стёр,*стёрла,*стёрло,*стёрли
уезжать,уезжа'ть,уезж,ать,imperfective,уехать,е-conj,уезжа'ю,уезжа'ешь,уезжа'ет,уезжа'ем,уезжа'ете,уезжа'ют,уезжа'й,уезжа'йте,уезжа'л,уезжа'ла,уезжа'ло,уезжа'ли
уехать,уе'хать,уех,ать,perfective,уезжать,е-conj,*уе'ду,*уе'дешь,*уе'дет,*уе'дем,*уе'дете,*уе'дут,*уезжа'й,*уезжа'йте,уе'хал,уе'хала,уе'хало,уе'хали
уходить,уходи'ть,уход,ить,imperfective,уйти,и-conj,*ухожу',~ухо'дишь,~ухо'дит,~ухо'дим,~ухо'дите,~ухо'дят,уходи',уходи'те,уходи'л,уходи'ла,уходи'ло,уходи'ли
уйти,уйти',уй,ти,perfective,уходить,е-conj,*уйду',*уйдёшь,*уйдёт,*уйдём,*уйдёте,*уйду'т,*уйди',*уйди'те,*ушёл,*ушла',*ушло',*ушли'
учиться,учи'ться,уч,иться,imperfective,выучиться;научиться,и-conj,учу'сь,~у'чишься,~у'чится,~у'чимся,~у'читесь,~у'чатся,учи'сь,учи'тесь,учи'лся,учи'лась,учи'лось,учи'лись
научиться,научи'ться,науч,иться,perfective,учиться;научаться,и-conj,научу'сь,~нау'чишься,~нау'чится,~нау'чимся,~нау'читесь,~нау'чатся,научи'сь,научи'тесь,научи'лся,научи'лась,научи'лось,научи'лись
хватать,хвата'ть,хват,ать,imperfective,хватить;схватить,е-conj,хвата'ю,хвата'ешь,хвата'ет,хвата'ем,хвата'ете,хвата'ют,хвата'й,хвата'йте,хвата'л,хвата'ла,хвата'ло,хвата'ли
хватить,хвати'ть,хват,ить,perfective,хватать,и-conj,*хвачу',~хва'тишь,~хва'тит,~хва'тим,~хва'тите,~хва'тят,хвати',хвати'те,хвати'л,хвати'ла,хвати'ло,хвати'ли
читать,чита'ть,чит,ать,imperfective,прочитать;почитать;прочесть,е-conj,чита'ю,чита'ешь,чита'ет,чита'ем,чита'ете,чита'ют,чита'й,чита'йте,чита'л,чита'ла,чита'ло,чита'ли
прочитать,прочита'ть,прочит,ать,perfective,читать,е-conj,прочита'ю,прочита'ешь,прочита'ет,прочита'ем,прочита'ете,прочита'ют,прочита'й,прочита'йте,прочита'л,прочита'ла,прочита'ло,прочита'ли
арестовать,арестова'ть,арестов,ать,perfective,арестовывать,е-conj,аресту'ю,аресту'ешь,аресту'ет,аресту'ем,аресту'ете,аресту'ют,аресту'й,аресту'йте,арестова'л,арестова'ла,арестова'ло,арестова'ли
бегать,бе'гать,бег,ать,imperfective,побегать,е-conj,бе'гаю,бе'гаешь,бе'гает,бе'гаем,бе'гаете,бе'гают,бе'гай,бе'гайте,бе'гал,бе'гала,бе'гало,бе'гали
беречь,бере'чь,бере,чь,imperfective,"сберечь,уберечь",е-conj,*берегу',*бережёшь,*бережёт,*бережём,*бережёте,*берегу'т,*береги',*береги'те,*берёг,*берегла',*берегло',*берегли'
беспокоиться,беспоко'иться,беспоко,иться,imperfective,побеспокоиться;забеспокоиться;обеспокоиться,и-conj,беспоко'юсь,беспоко'ишься,беспоко'ится,беспоко'имся,беспоко'итесь,беспоко'ятся,беспоко'йся,беспоко'йтесь,беспоко'ился,беспоко'илась,беспоко'илось,беспоко'ились
благодарить,благодари'ть,благодар,ить,imperfective,"поблагодарить,отблагодарить",и-conj,благодарю',благодари'шь,благодари'т,благодари'м,благодари'те,благодаря'т,благодари',благодари'те,благодари'л,благодари'ла,благодари'ло,благодари'ли
бояться,боя'ться,бо,яться,imperfective,побояться;забояться,*и-conj,бою'сь,бои'шься,бои'тся,бои'мся,бои'тесь,боя'тся,*бо'йся,~бо'йтесь,боя'лся,боя'лась,боя'лось,боя'лись
болеть,боле'ть,бол,еть,imperfective,-,е-conj,боле'ю,боле'ешь,*боли'т,боле'ем,боле'ете,*боля'т,боле'й,боле'йте,боле'л,боле'ла,боле'ло,боле'ли
бриться,бри'ться,бр,иться,imperfective,побриться,*е-conj,*бре'юсь,*бре'ешься,*бре'ется,*бре'емся,*бре'етесь,*бре'ются,*бре'йся,*бре'йтесь,бри'лся,бри'лась,бри'лось,бри'лись
быть,бы'ть,б,ыть,imperfective,,unknown,*есть,*есть,*есть,*есть,*есть,*есть,*бу'дь,*бу'дьте,бы'л,~была',бы'ло,бы'ли
вести,вести',вес,ти,imperfective,повести,е-conj,*веду',*ведёшь,*ведёт,*ведём,*ведёте,*веду'т,*веди',*веди'те,*вёл,*вела',*вело',*вели'
верить,ве'рить,вер,ить,imperfective,поверить,и-conj,ве'рю,ве'ришь,ве'рит,ве'рим,ве'рите,ве'рят,ве'рь,ве'рьте,ве'рил,ве'рила,ве'рило,ве'рили
вернуться,верну'ться,верн,уться,perfective,возвращаться,е-conj,*верну'сь,*вернёшься,*вернётся,*вернёмся,*вернётесь,*верну'тся,*верни'сь,*верни'тесь,верну'лся,верну'лась,верну'лось,верну'лись
весить,ве'сить,вес,ить,imperfective,-,и-conj,*ве'шу,ве'сишь,ве'сит,ве'сим,ве'сите,ве'сят,ве'сь,ве'сьте,ве'сил,ве'сила,ве'сило,ве'сили
висеть,висе'ть,вис,еть,imperfective,повисеть,*и-conj,*вишу',виси'шь,виси'т,виси'м,виси'те,вися'т,виси',виси'те,висе'л,висе'ла,висе'ло,висе'ли
включить,включи'ть,включ,ить,perfective,включать,и-conj,включу',включи'шь,включи'т,включи'м,включи'те,включа'т,включи',включи'те,включи'л,включи'ла,включи'ло,включи'ли
возвращаться,возвраща'ться,возвращ,аться,imperfective,верну'ться,е-conj,возвраща'юсь,возвраща'ешься,возвраща'ется,возвраща'емся,возвраща'етесь,возвраща'ются,возвраща'йся,возвраща'йтесь,возвраща'лся,возвраща'лась,возвраща'лось,возвраща'лись
войти,войти',вой,ти,perfective,входить,е-conj,*войду',*войдёшь,*войдёт,*войдём,*войдёте,*войду'т,*войди',*войди'те,*вошёл,*вошла',*вошло',*вошли'
восстановить,восстанови'ть,восстанов,ить,perfective,восстанавливать,и-conj,восстановлю',~восстано'вишь,~восстано'вит,~восстано'вим,~восстано'вите,~восстано'вят,восстанови',восстанови'те,восстанови'л,восстанови'ла,восстанови'ло,восстанови'ли
вставить,вста'вить,встав,ить,perfective,вставлять,и-conj,вста'влю,вста'вишь,вста'вит,вста'вим,вста'вите,вста'вят,вста'вь,вста'вьте,вста'вил,вста'вила,вста'вило,вста'вили
встретить,встре'тить,встрет,ить,perfective,встречать,и-conj,*встре'чу,встре'тишь,встре'тит,встре'тим,встре'тите,встре'тят,встре'ть,встре'тьте,встре'тил,встре'тила,встре'тило,встре'тили
выбрать,вы'брать,выбр,ать,perfective,выбирать,е-conj,*вы'беру,*вы'берешь,*вы'берет,*вы'берем,*вы'берете,*вы'берут,*вы'бери,*вы'берите,вы'брал,вы'брала,вы'брало,вы'брали
выглядеть,вы'глядеть,выгляд,еть,perfective,выглядывать,*и-conj,*вы'гляжу,вы'глядишь,вы'глядит,вы'глядим,вы'глядите,вы'глядят,вы'гляди,вы'глядите,вы'глядел,вы'глядела,вы'глядело,вы'глядели
выиграть,вы'играть,выигр,ать,perfective,выигрывать,е-conj,вы'играю,вы'играешь,вы'играет,вы'играем,вы'играете,вы'играют,вы'играй,вы'играйте,вы'играл,вы'играла,вы'играло,вы'играли
выйти,вы'йти,вый,ти,perfective,выходить,е-conj,*вы'йду,*вы'йдешь,*вы'йдет,*вы'йдем,*вы'йдете,*вы'йдут,*вы'йди,*вы'йдите,*вы'шел,*вы'шла,*вы'шло,*вы'шли
выключить,вы'ключить,выключ,ить,perfective,выключать,и-conj,вы'ключу,вы'ключишь,вы'ключит,вы'ключим,вы'ключите,вы'ключат,вы'ключи,вы'ключите,вы'ключил,вы'ключила,вы'ключило,вы'ключили
выполнить,вы'полнить,выполн,ить,perfective,выполнять,и-conj,вы'полню,вы'полнишь,вы'полнит,вы'полним,вы'полните,вы'полнят,вы'полни,вы'полните,вы'полнил,вы'полнила,вы'полнило,вы'полнили
голосовать,голосова'ть,голосов,ать,imperfective,проголосовать,е-conj,голосу'ю,голосу'ешь,голосу'ет,голосу'ем,голосу'ете,голосу'ют,голосу'й,голосу'йте,голосова'л,голосова'ла,голосова'ло,голосова'ли
голубить,голу'бить,голуб,ить,imperfective,приголубить,и-conj,голу'блю,голу'бишь,голу'бит,голу'бим,голу'бите,голу'бят,голу'бь,голу'бьте,голу'бил,голу'била,голу'било,голу'били
гостить,гости'ть,гост,ить,imperfective,погостить,и-conj,*гощу',гости'шь,гости'т,гости'м,гости'те,гостя'т,гости',гости'те,гости'л,гости'ла,гости'ло,гости'ли
готовиться,гото'виться,готов,иться,imperfective,подготовиться;приготовиться,и-conj,гото'влюсь,гото'вишься,гото'вится,гото'вимся,гото'витесь,гото'вятся,гото'вься,гото'вьтесь,гото'вился,гото'вилась,гото'вилось,гото'вились
гулять,гуля'ть,гул,ять,imperfective,погулять;гульну'ть,е-conj,гуля'ю,гуля'ешь,гуля'ет,гуля'ем,гуля'ете,гуля'ют,гуля'й,гуля'йте,гуля'л,гуля'ла,гуля'ло,гуля'ли
двигаться,дви'гаться,двиг,аться,imperfective,двинуться,е-conj,*дви'жусь,*дви'жешься,*дви'жется,*дви'жемся,*дви'жетесь,*дви'жутся,*дви'жься,*дви'жьтесь,дви'гался,дви'галась,дви'галось,дви'гались
деть,де'ть,д,еть,perfective,девать,е-conj,*де'ну,*де'нешь,*де'нет,*де'нем,*де'нете,*де'нут,*де'нь,*де'ньте,де'л,де'ла,де'ло,де'ли
держать,держа'ть,держ,ать,imperfective,подержать;сдержать,*и-conj,держу',~де'ржишь,~де'ржит,~де'ржим,~де'ржите,~де'ржат,держи',держи'те,держа'л,держа'ла,держа'ло,держа'ли
длиться,дли'ться,дл,иться,imperfective,продлиться,и-conj,длю'сь,дли'шься,дли'тся,дли'мся,дли'тесь,для'тся,дли'сь,дли'тесь,дли'лся,дли'лась,дли'лось,дли'лись
договориться,договори'ться,договор,иться,perfective,договариваться,и-conj,договорю'сь,договори'шься,договори'тся,договори'мся,договори'тесь,договоря'тся,договори'сь,договори'тесь,договори'лся,договори'лась,договори'лось,договори'лись
домыть,домы'ть,дом,ыть,perfective,домывать,е-conj,*домо'ю,*домо'ешь,*домо'ет,*домо'ем,*домо'ете,*домо'ют,*домо'й,*домо'йте,домы'л,домы'ла,домы'ло,домы'ли
душить,души'ть,душ,ить,imperfective,задушить;надушить,и-conj,душу',~ду'шишь,~ду'шит,~ду'шим,~ду'шите,~ду'шат,души',души'те,души'л,души'ла,души'ло,души'ли
ездить,е'здить,езд,ить,imperfective,поездить;е'хать,и-conj,*е'зжу,е'здишь,е'здит,е'здим,е'здите,е'здят,*е'зди,*е'здите,е'здил,е'здила,е'здило,е'здили
жалить,жа'лить,жал,ить,imperfective,ужалить,и-conj,жа'лю,жа'лишь,жа'лит,жа'лим,жа'лите,жа'лят,жа'ль,жа'льте,жа'лил,жа'лила,жа'лило,жа'лили
жениться,жени'ться,жен,иться,imperfective,пожени'ться,и-conj,женю'сь,~же'нишься,~же'нится,~же'нимся,~же'нитесь,~же'нятся,жени'сь,жени'тесь,жени'лся,жени'лась,жени'лось,жени'лись
жить,жи'ть,ж,ить,imperfective,пожи'ть,*е-conj,*живу',*живёшь,*живёт,*живём,*живёте,*живу'т,*живи',*живи'те,жи'л,~жила',~жило',жи'ли
заботиться,забо'титься,забот,иться,imperfective,позаботиться,и-conj,*забо'чусь,забо'тишься,забо'тится,забо'тимся,забо'титесь,забо'тятся,забо'ться,забо'тьтесь,забо'тился,забо'тилась,забо'тилось,забо'тились
забыть,забы'ть,заб,ыть,perfective,забывать,е-conj,*забу'ду,*забу'дешь,*забу'дет,*забу'дем,*забу'дете,*забу'дут,*забу'дь,*забу'дьте,забы'л,забы'ла,забы'ло,забы'ли
загорать,загора'ть,загор,ать,imperfective,загореть,е-conj,загора'ю,загора'ешь,загора'ет,загора'ем,загора'ете,загора'ют,загора'й,загора'йте,загора'л,загора'ла,загора'ло,загора'ли
задать,зада'ть,зад,ать,perfective,задавать,unknown,*зада'м,*зада'шь,*зада'ст,*задади'м,*задади'те,*зададу'т,*зада'й,*зада'йте,~за'дал,~задала',~задало',~за'дали
зайти,зайти',зай,ти,perfective,заходи'ть,е-conj,*зайду',*зайдёшь,*зайдёт,*зайдём,*зайдёте,*зайду'т,*зайди',*зайди'те,*зашёл,*зашла',*зашло',*зашли'
заключить,заключи'ть,заключ,ить,perfective,заключать,и-conj,заключу',заключи'шь,заключи'т,заключи'м,заключи'те,заключа'т,заключи',заключи'те,заключи'л,заключи'ла,заключи'ло,заключи'ли
закрыть,закры'ть,закр,ыть,perfective,закрывать,е-conj,*закро'ю,*закро'ешь,*закро'ет,*закро'ем,*закро'ете,*закро'ют,*закро'й,*закро'йте,закры'л,закры'ла,закры'ло,закры'ли
занимать,занима'ть,заним,ать,imperfective,занять,е-conj,занима'ю,занима'ешь,занима'ет,занима'ем,занима'ете,занима'ют,занима'й,занима'йте,занима'л,занима'ла,занима'ло,занима'ли
заниматься,занима'ться,заним,аться,imperfective,заняться,е-conj,занима'юсь,занима'ешься,занима'ется,занима'емся,занима'етесь,занима'ются,занима'йся,занима'йтесь,занима'лся,занима'лась,занима'лось,занима'лись
запускать,запуска'ть,запуск,ать,imperfective,запустить,е-conj,запуска'ю,запуска'ешь,запуска'ет,запуска'ем,запуска'ете,запуска'ют,запуска'й,запуска'йте,запуска'л,запуска'ла,запуска'ло,запуска'ли
заработать,зарабо'тать,заработ,ать,perfective,зарабатывать,е-conj,зарабо'таю,зарабо'таешь,зарабо'тает,зарабо'таем,зарабо'таете,зарабо'тают,зарабо'тай,зарабо'тайте,зарабо'тал,зарабо'тала,зарабо'тало,зарабо'тали
заявить,заяви'ть,заяв,ить,perfective,заявлять,и-conj,заявлю',~зая'вишь,~зая'вит,~зая'вим,~зая'вите,~зая'вят,заяви',заяви'те,заяви'л,заяви'ла,заяви'ло,заяви'ли
здравствовать,здра'вствовать,здравствов,ать,imperfective,,е-conj,здра'вствую,здра'вствуешь,здра'вствует,здра'вствуем,здра'вствуете,здра'вствуют,здра'вствуй,здра'вствуйте,здра'вствовал,здра'вствовала,здра'вствовало,здра'вствовали
значить,зна'чить,знач,ить,imperfective,,и-conj,зна'чу,зна'чишь,зна'чит,зна'чим,зна'чите,зна'чат,зна'чь,зна'чьте,зна'чил,зна'чила,зна'чило,зна'чили
звать,зва'ть,зв,ать,imperfective,позвать,е-conj,*зову',*зовёшь,*зовёт,*зовём,*зовёте,*зову'т,*зови',*зови'те,зва'л,~звала',~звало',зва'ли
играть,игра'ть,игр,ать,imperfective,сыгра'ть,е-conj,игра'ю,игра'ешь,игра'ет,игра'ем,игра'ете,игра'ют,игра'й,игра'йте,игра'л,игра'ла,игра'ло,игра'ли
идти,идти',ид,ти,imperfective,пойти',е-conj,иду',идёшь,идёт,идём,идёте,иду'т,*иди',*иди'те,*шёл,*шла',*шло',*шли'
извинить,извини'ть,извин,ить,perfective,извинять,и-conj,извиню',извини'шь,извини'т,извини'м,извини'те,извиня'т,извини',извини'те,извини'л,извини'ла,извини'ло,извини'ли
измерить,изме'рить,измер,ить,perfective,измерять,и-conj,изме'рю,изме'ришь,изме'рит,изме'рим,изме'рите,изме'рят,изме'рь,изме'рьте,изме'рил,изме'рила,изме'рило,изме'рили
изучать,изуча'ть,изуч,ать,imperfective,изучить,е-conj,изуча'ю,изуча'ешь,изуча'ет,изуча'ем,изуча'ете,изуча'ют,изуча'й,изуча'йте,изуча'л,изуча'ла,изуча'ло,изуча'ли
иметь,име'ть,им,еть,imperfective,заиме'ть,е-conj,име'ю,име'ешь,име'ет,име'ем,име'ете,име'ют,име'й,име'йте,име'л,име'ла,име'ло,име'ли
интересоваться,интересова'ться,интересов,аться,imperfective,"заинтересоваться,поинтересоваться",е-conj,~интересу'юсь,~интересу'ешься,*интересу'ется,*интересу'емся,~интересу'етесь,*интересу'ются,*интересу'йся,~интересу'йтесь,интересова'лся,интересова'лась,интересова'лось,интересова'лись
использовать,испо'льзовать,использов,ать,both,,е-conj,испо'льзую,испо'льзуешь,испо'льзует,испо'льзуем,испо'льзуете,испо'льзуют,испо'льзуй,испо'льзуйте,испо'льзовал,испо'льзовала,испо'льзовало,испо'льзовали
искать,иска'ть,иск,ать,imperfective,поискать,е-conj,*ищу',*и'щешь,*и'щет,*и'щем,*и'щете,*и'щут,*ищи',*ищи'те,иска'л,иска'ла,иска'ло,иска'ли
какать,ка'кать,как,ать,imperfective,испражня'ться,е-conj,ка'каю,ка'каешь,*ка'кают,ка'каем,ка'каете,ка'кают,ка'кай,ка'кайте,ка'кал,ка'кала,ка'кало,ка'кали
кататься,ката'ться,кат,аться,imperfective,покататься,е-conj,ката'юсь,ката'ешься,ката'ется,ката'емся,ката'етесь,ката'ются,ката'йся,ката'йтесь,ката'лся,ката'лась,ката'лось,ката'лись
курить,кури'ть,кур,ить,imperfective,покурить,и-conj,курю',~ку'ришь,~ку'рит,~ку'рим,~ку'рите,~ку'рят,кури',кури'те,кури'л,кури'ла,кури'ло,кури'ли
кутить,кути'ть,кут,ить,imperfective,"кутнуть,покутить",и-conj,*кучу',кути'шь,кути'т,кути'м,кути'те,кутя'т,кути',кути'те,кути'л,кути'ла,кути'ло,кути'ли
лежать,лежа'ть,леж,ать,imperfective,полежа'ть,*и-conj,лежу',лежи'шь,лежи'т,лежи'м,лежи'те,лежа'т,лежи',лежи'те,лежа'л,лежа'ла,лежа'ло,лежа'ли
летать,лета'ть,лет,ать,imperfective,полетать,е-conj,лета'ю,лета'ешь,лета'ет,лета'ем,лета'ете,лета'ют,лета'й,лета'йте,лета'л,лета'ла,лета'ло,лета'ли
лететь,лете'ть,лет,еть,imperfective,полететь,*и-conj,*лечу',лети'шь,лети'т,лети'м,лети'те,летя'т,лети',лети'те,лете'л,лете'ла,лете'ло,лете'ли
любить,люби'ть,люб,ить,imperfective,полюбить,и-conj,люблю',~лю'бишь,~лю'бит,~лю'бим,~лю'бите,~лю'бят,люби',люби'те,люби'л,люби'ла,люби'ло,люби'ли
материть,матери'ть,матер,ить,imperfective,обматерить,и-conj,матерю',матери'шь,матери'т,матери'м,матери'те,матеря'т,матери',матери'те,матери'л,матери'ла,матери'ло,матери'ли
махать,маха'ть,мах,ать,imperfective,"махнуть,помахать",е-conj,*машу',*ма'шешь,*ма'шет,*ма'шем,*ма'шете,*ма'шут,*маши',*маши'те,маха'л,маха'ла,маха'ло,маха'ли
меняться,меня'ться,мен,яться,imperfective,поменяться,е-conj,меня'юсь,меня'ешься,меня'ется,меня'емся,меня'етесь,меня'ются,меня'йся,меня'йтесь,меня'лся,меня'лась,меня'лось,меня'лись
мечтать,мечта'ть,мечт,ать,imperfective,помечтать,е-conj,мечта'ю,мечта'ешь,мечта'ет,мечта'ем,мечта'ете,мечта'ют,мечта'й,мечта'йте,мечта'л,мечта'ла,мечта'ло,мечта'ли
мочь,мо'чь,мо,чь,imperfective,смочь,е-conj,*могу',*мо'жешь,*мо'жет,*мо'жем,*мо'жете,*мо'гут,*моги',*моги'те,*мо'г,*могла',*могло',*могли'
молиться,моли'ться,мол,иться,imperfective,помолиться,и-conj,молю'сь,~мо'лишься,~мо'лится,~мо'лимся,~мо'литесь,~мо'лятся,моли'сь,моли'тесь,моли'лся,моли'лась,моли'лось,моли'лись
морить,мори'ть,мор,ить,imperfective,заморить;умори'ть,и-conj,морю',мори'шь,мори'т,мори'м,мори'те,моря'т,мори',мори'те,мори'л,мори'ла,мори'ло,мори'ли
мыться,мы'ться,м,ыться,imperfective,"помыться,умыться,вымыться",е-conj,*мо'юсь,*мо'ешься,*мо'ется,*мо'емся,*мо'етесь,*мо'ются,*мо'йся,*мо'йтесь,мы'лся,мы'лась,мы'лось,мы'лись
наблюдаться,наблюда'ться,наблюд,аться,imperfective,понаблюдаться,е-conj,наблюда'юсь,наблюда'ешься,наблюда'ется,наблюда'емся,наблюда'етесь,наблюда'ются,наблюда'йся,наблюда'йтесь,наблюда'лся,наблюда'лась,наблюда'лось,наблюда'лись
нажать,нажа'ть,наж,ать,perfective,нажимать,е-conj,*нажму',*нажмёшь,*нажмёт,*нажмём,*нажмёте,*нажму'т,*нажми',*нажми'те,нажа'л,нажа'ла,нажа'ло,нажа'ли
называться,называ'ться,назыв,аться,imperfective,назваться,е-conj,называ'юсь,называ'ешься,называ'ется,называ'емся,называ'етесь,называ'ются,называ'йся,называ'йтесь,называ'лся,называ'лась,называ'лось,называ'лись
найти,найти',най,ти,perfective,находить,е-conj,*найду',*найдёшь,*найдёт,*найдём,*найдёте,*найду'т,*найди',*найди'те,*нашёл,*нашла',*нашло',*нашли'
напечатать,напеча'тать,напечат,ать,perfective,печатать,е-conj,напеча'таю,напеча'таешь,напеча'тает,напеча'таем,напеча'таете,напеча'тают,напеча'тай,напеча'тайте,напеча'тал,напеча'тала,напеча'тало,напеча'тали
находиться,находи'ться,наход,иться,imperfective,найтись,и-conj,*нахожу'сь,~нахо'дишься,~нахо'дится,~нахо'димся,~нахо'дитесь,~нахо'дятся,находи'сь,находи'тесь,находи'лся,находи'лась,находи'лось,находи'лись
начать,нача'ть,нач,ать,perfective,начинать,е-conj,*начну',*начнёшь,*начнёт,*начнём,*начнёте,*начну'т,*начни',*начни'те,~на'чал,~начала',~на'чало,~на'чали
начинаться,начина'ться,начин,аться,imperfective,начаться,е-conj,начина'юсь,начина'ешься,начина'ется,начина'емся,начина'етесь,начина'ются,начина'йся,начина'йтесь,начина'лся,начина'лась,начина'лось,начина'лись
нашить,наши'ть,наш,ить,perfective,нашивать,*е-conj,*нашью',*нашьёшь,*нашьёт,*нашьём,*нашьёте,*нашью'т,*наше'й,*наше'йте,наши'л,наши'ла,наши'ло,наши'ли
объяснять,объясня'ть,объясн,ять,imperfective,объяснить,е-conj,объясня'ю,объясня'ешь,объясня'ет,объясня'ем,объясня'ете,объясня'ют,объясня'й,объясня'йте,объясня'л,объясня'ла,объясня'ло,объясня'ли
оказаться,оказа'ться,оказ,аться,perfective,оказываться,е-conj,*окажу'сь,*ока'жешься,*ока'жется,*ока'жемся,*ока'жетесь,*ока'жутся,*окажи'сь,*окажи'тесь,оказа'лся,оказа'лась,оказа'лось,оказа'лись
окончить,око'нчить,оконч,ить,perfective,оканчивать,и-conj,око'нчу,око'нчишь,око'нчит,око'нчим,око'нчите,око'нчат,*око'нчи,*око'нчите,око'нчил,око'нчила,око'нчило,око'нчили
опаздывать,опа'здывать,опаздыв,ать,imperfective,опозда'ть,е-conj,опа'здываю,опа'здываешь,опа'здывает,опа'здываем,опа'здываете,опа'здывают,опа'здывай,опа'здывайте,опа'здывал,опа'здывала,опа'здывало,опа'здывали
описывать,опи'сывать,описыв,ать,imperfective,описать,е-conj,опи'сываю,опи'сываешь,опи'сывает,опи'сываем,опи'сываете,опи'сывают,опи'сывай,опи'сывайте,опи'сывал,опи'сывала,опи'сывало,опи'сывали
опоздать,опозда'ть,опозд,ать,perfective,опаздывать,е-conj,опозда'ю,опозда'ешь,опозда'ет,опозда'ем,опозда'ете,опозда'ют,опозда'й,опозда'йте,опозда'л,опозда'ла,опозда'ло,опозда'ли
организовать,организова'ть,организов,ать,perfective,организовывать,е-conj,организу'ю,организу'ешь,организу'ет,организу'ем,организу'ете,организу'ют,организу'й,организу'йте,организова'л,организова'ла,организова'ло,организова'ли
осенить,осени'ть,осен,ить,perfective,осенять,и-conj,осеню',осени'шь,осени'т,осени'м,осени'те,осеня'т,осени',осени'те,осени'л,осени'ла,осени'ло,осени'ли
остаться,оста'ться,ост,аться,perfective,оставаться,е-conj,*оста'нусь,*оста'нешься,*оста'нется,*оста'немся,*оста'нетесь,*оста'нутся,*оста'нься,*оста'ньтесь,оста'лся,оста'лась,оста'лось,оста'лись
остановиться,останови'ться,останов,иться,perfective,останавливаться,и-conj,остановлю'сь,~остано'вишься,~остано'вится,~остано'вимся,~остано'витесь,~остано'вятся,останови'сь,останови'тесь,останови'лся,останови'лась,останови'лось,останови'лись
открыть,откры'ть,откр,ыть,perfective,открывать,е-conj,*откро'ю,*откро'ешь,*откро'ет,*откро'ем,*откро'ете,*откро'ют,*откро'й,*откро'йте,откры'л,откры'ла,откры'ло,откры'ли
отличаться,отлича'ться,отлич,аться,imperfective,отличиться,е-conj,отлича'юсь,отлича'ешься,отлича'ется,отлича'емся,отлича'етесь,отлича'ются,отлича'йся,отлича'йтесь,отлича'лся,отлича'лась,отлича'лось,отлича'лись
отойти,отойти',отой,ти,perfective,отходить,е-conj,*отойду',*отойдёшь,*отойдёт,*отойдём,*отойдёте,*отойду'т,*отойди',*отойди'те,*отошёл,*отошла',*отошло',*отошли'
отрезать,отре'зать,отрез,ать,perfective,отрезать,е-conj,*отре'жу,*отре'жешь,*отре'жет,*отре'жем,*отре'жете,*отре'жут,*отре'жь,*отре'жьте,отре'зал,отре'зала,отре'зало,отре'зали
петь,пе'ть,п,еть,imperfective,спеть;пропеть,е-conj,*пою',*поёшь,*поёт,*поём,*поёте,*пою'т,*по'й,*по'йте,~пел,пе'ла,пе'ло,пе'ли
переводить,переводи'ть,перевод,ить,imperfective,перевести,и-conj,*перевожу',~перево'дишь,~перево'дит,~перево'дим,~перево'дите,~перево'дят,переводи',переводи'те,переводи'л,переводи'ла,переводи'ло,переводи'ли
передать,переда'ть,перед,ать,perfective,передавать,unknown,*переда'м,*переда'шь,*переда'ст,*передади'м,*передади'те,*передаду'т,*переда'й,*переда'йте,переда'л,~передала',~передало',переда'ли
передумать,переду'мать,передум,ать,perfective,передумывать,е-conj,переду'маю,переду'маешь,переду'мает,переду'маем,переду'маете,переду'мают,переду'май,переду'майте,переду'мал,переду'мала,переду'мало,переду'мали
переехать,перее'хать,переех,ать,perfective,переезжать,е-conj,*перее'ду,*перее'дешь,*перее'дет,*перее'дем,*перее'дете,*перее'дут,*переезжа'й,*переезжа'йте,перее'хал,перее'хала,перее'хало,перее'хали
перезвонить,перезвони'ть,перезвон,ить,perfective,перезванивать,и-conj,перезвоню',перезвони'шь,перезвони'т,перезвони'м,перезвони'те,перезвоня'т,перезвони',перезвони'те,перезвони'л,перезвони'ла,перезвони'ло,перезвони'ли
переодеться,переоде'ться,переод,еться,perfective,переодеваться,е-conj,*переоде'нусь,*переоде'нешься,*переоде'нется,*переоде'немся,*переоде'нетесь,*переоде'нутся,*переоде'нься,*переоде'ньтесь,переоде'лся,переоде'лась,переоде'лось,переоде'лись
пересматривать,пересма'тривать,пересматрив,ать,imperfective,пересмотреть,е-conj,пересма'триваю,пересма'триваешь,пересма'тривает,пересма'триваем,пересма'триваете,пересма'тривают,пересма'тривай,пересма'тривайте,пересма'тривал,пересма'тривала,пересма'тривало,пересма'тривали
перестать,переста'ть,перест,ать,perfective,переставать,е-conj,*переста'ну,*переста'нешь,*переста'нет,*переста'нем,*переста'нете,*переста'нут,*переста'нь,*переста'ньте,переста'л,переста'ла,переста'ло,переста'ли
переходить,переходи'ть,переход,ить,imperfective,перейти,и-conj,*перехожу',~перехо'дишь,~перехо'дит,~перехо'дим,~перехо'дите,~перехо'дят,переходи',переходи'те,переходи'л,переходи'ла,переходи'ло,переходи'ли
плавать,пла'вать,плав,ать,imperfective,поплавать;плыть,е-conj,*пла'ваю,*пла'ваешь,*пла'вает,*пла'ваем,*пла'ваете,*пла'вают,пла'вай,пла'вайте,пла'вал,пла'вала,пла'вало,пла'вали
плыть,плы'ть,пл,ыть,imperfective,поплы'ть;пла'вать,е-conj,*плыву',*плывёшь,*плывёт,*плывём,*плывёте,*плыву'т,*плыви',*плыви'те,плы'л,~плыла',~плыло',~плыли'
поблагодарить,поблагодари'ть,поблагодар,ить,perfective,благодарить,и-conj,поблагодарю',поблагодари'шь,поблагодари'т,поблагодари'м,поблагодари'те,поблагодаря'т,поблагодари',поблагодари'те,поблагодари'л,поблагодари'ла,поблагодари'ло,поблагодари'ли
повернуть,поверну'ть,поверн,уть,perfective,поворачивать,е-conj,*поверну',*повернёшь,*повернёт,*повернём,*повернёте,*поверну'т,*поверни',*поверни'те,поверну'л,поверну'ла,поверну'ло,поверну'ли
повесить,пове'сить,повес,ить,perfective,вешать,и-conj,*пове'шу,пове'сишь,пове'сит,пове'сим,пове'сите,пове'сят,пове'сь,пове'сьте,пове'сил,пове'сила,пове'сило,пове'сили
повторить,повтори'ть,повтор,ить,perfective,повторять,и-conj,повторю',повтори'шь,повтори'т,повтори'м,повтори'те,повторя'т,повтори',повтори'те,повтори'л,повтори'ла,повтори'ло,повтори'ли
подарить,подари'ть,подар,ить,perfective,дарить,и-conj,подарю',~пода'ришь,~пода'рит,~пода'рим,~пода'рите,~пода'рят,подари',подари'те,подари'л,подари'ла,подари'ло,подари'ли
подойти,подойти',подой,ти,perfective,подходить,е-conj,*подойду',*подойдёшь,*подойдёт,*подойдём,*подойдёте,*подойду'т,*подойди',*подойди'те,*подошёл,*подошла',*подошло',*подошли'
пожаловать,пожа'ловать,пожалов,ать,perfective,жаловать,е-conj,пожа'лую,пожа'луешь,пожа'лует,пожа'луем,пожа'луете,пожа'луют,пожа'луй,пожа'луйте,пожа'ловал,пожа'ловала,пожа'ловало,пожа'ловали
поздравлять,поздравля'ть,поздравл,ять,imperfective,поздравить,е-conj,поздравля'ю,поздравля'ешь,поздравля'ет,поздравля'ем,поздравля'ете,поздравля'ют,поздравля'й,поздравля'йте,поздравля'л,поздравля'ла,поздравля'ло,поздравля'ли
познакомиться,познако'миться,познаком,иться,perfective,знакомиться,и-conj,познако'млюсь,познако'мишься,познако'мится,познако'мимся,познако'митесь,познако'мятся,познако'мься,познако'мьтесь,познако'мился,познако'милась,познако'милось,познако'мились
пойти,пойти',пой,ти,perfective,Идти',е-conj,*пойду',*пойдёшь,*пойдёт,*пойдём,*пойдёте,*пойду'т,*пойди',*пойди'те,*пошёл,*пошла',*пошло',*пошли'
получить,получи'ть,получ,ить,perfective,получать,и-conj,получу',~полу'чишь,~полу'чит,~полу'чим,~полу'чите,~полу'чат,получи',получи'те,получи'л,получи'ла,получи'ло,получи'ли
помнить,по'мнить,помн,ить,imperfective,вспо'мнить,и-conj,по'мню,по'мнишь,по'мнит,по'мним,по'мните,по'мнят,*по'мни,*по'мните,по'мнил,по'мнила,по'мнило,по'мнили
попасть,попа'сть,,,perfective,попадать,е-conj,*попаду',*попадёшь,*попадёт,*попадём,*попадёте,*попаду'т,*попади',*попади'те,*попа'л,*попа'ла,*попа'ло,*попа'ли
посадить,посади'ть,посад,ить,perfective,"сажать,садить",и-conj,*посажу',~поса'дишь,~поса'дит,~поса'дим,~поса'дите,~поса'дят,посади',посади'те,посади'л,посади'ла,посади'ло,посади'ли
постирать,постира'ть,постир,ать,perfective,стирать,е-conj,постира'ю,постира'ешь,постира'ет,постира'ем,постира'ете,постира'ют,постира'й,постира'йте,постира'л,постира'ла,постира'ло,постира'ли
поступить,поступи'ть,поступ,ить,perfective,поступать,и-conj,поступлю',~посту'пишь,~посту'пит,~посту'пим,~посту'пите,~посту'пят,поступи',поступи'те,поступи'л,поступи'ла,поступи'ло,поступи'ли
потратить,потра'тить,потрат,ить,perfective,тратить,и-conj,*потра'чу,потра'тишь,потра'тит,потра'тим,потра'тите,потра'тят,потра'ть,потра'тьте,потра'тил,потра'тила,потра'тило,потра'тили
поцеловаться,поцелова'ться,поцелов,аться,perfective,целоваться,е-conj,~поцелу'юсь,~поцелу'ешься,*поцелу'ется,*поцелу'емся,~поцелу'етесь,*поцелу'ются,*поцелу'йся,~поцелу'йтесь,поцелова'лся,поцелова'лась,поцелова'лось,поцелова'лись
почесть,поче'сть,,,perfective,почитать,е-conj,*почту',*почтёшь,*почтёт,*почтём,*почтёте,*почту'т,*почти',*почти'те,*почёл,*почла',*почло',*почли'
править,пра'вить,прав,ить,imperfective,выправить,и-conj,пра'влю,пра'вишь,пра'вит,пра'вим,пра'вите,пра'вят,пра'вь,пра'вьте,пра'вил,пра'вила,пра'вило,пра'вили
преподавать,преподава'ть,преподав,ать,imperfective,преподать,е-conj,преподаю',преподаёшь,преподаёт,преподаём,преподаёте,преподаю'т,преподава'й,преподава'йте,преподава'л,преподава'ла,преподава'ло,преподава'ли
переть,пере'ть,пер,еть,imperfective,попереть;спереть,е-conj,*пру',*прёшь,*прёт,*прём,*прёте,*пру'т,*при',*при'те,*пёр,*пёрла,*пёрло,*пёрли
приближаться,приближа'ться,приближ,аться,imperfective,приблизиться,е-conj,приближа'юсь,приближа'ешься,приближа'ется,приближа'емся,приближа'етесь,приближа'ются,приближа'йся,приближа'йтесь,приближа'лся,приближа'лась,приближа'лось,приближа'лись
привыкнуть,привы'кнуть,привыкн,уть,perfective,привыкать,е-conj,*привы'кну,*привы'кнешь,*привы'кнет,*привы'кнем,*привы'кнете,*привы'кнут,*привы'кни,*привы'кните,*привы'к,*привы'кла,*привы'кло,*привы'кли
пригласить,пригласи'ть,приглас,ить,perfective,приглашать,и-conj,*приглашу',пригласи'шь,пригласи'т,пригласи'м,пригласи'те,приглася'т,пригласи',пригласи'те,пригласи'л,пригласи'ла,пригласи'ло,пригласи'ли
приговорить,приговори'ть,приговор,ить,perfective,приговаривать,и-conj,приговорю',приговори'шь,приговори'т,приговори'м,приговори'те,приговоря'т,приговори',приговори'те,приговори'л,приговори'ла,приговори'ло,приговори'ли
прийти,прийти',прий,ти,perfective,приходи'ть,е-conj,*приду',*придёшь,*придёт,*придём,*придёте,*приду'т,*приди',*приди'те,*пришёл,*пришла',*пришло',*пришли'
придумать,приду'мать,придум,ать,perfective,придумывать,е-conj,приду'маю,приду'маешь,приду'мает,приду'маем,приду'маете,приду'мают,приду'май,приду'майте,приду'мал,приду'мала,приду'мало,приду'мали
прилететь,прилете'ть,прилет,еть,perfective,прилетать,*и-conj,*прилечу',прилети'шь,прилети'т,прилети'м,прилети'те,прилетя'т,прилети',прилети'те,прилете'л,прилете'ла,прилете'ло,прилете'ли
принести,принести',принес,ти,perfective,приносить,е-conj,принесу',принесёшь,принесёт,принесём,принесёте,принесу'т,*принеси',*принеси'те,*принёс,*принесла',*принесло',*принесли'
приходить,приходи'ть,приход,ить,imperfective,прийти',и-conj,*прихожу',~прихо'дишь,~прихо'дит,~прихо'дим,~прихо'дите,~прихо'дят,приходи',приходи'те,приходи'л,приходи'ла,приходи'ло,приходи'ли
пробежать,пробежа'ть,пробеж,ать,perfective,пробегать,*и-conj,*пробегу',пробежи'шь,пробежи'т,пробежи'м,пробежи'те,*пробегу'т,*пробеги',*пробеги'те,пробежа'л,пробежа'ла,пробежа'ло,пробежа'ли
пробовать,про'бовать,пробов,ать,imperfective,попробовать,е-conj,про'бую,про'буешь,про'бует,про'буем,про'буете,про'буют,про'буй,про'буйте,про'бовал,про'бовала,про'бовало,про'бовали
провести,провести',провес,ти,perfective,проводить,е-conj,*проведу',*проведёшь,*проведёт,*проведём,*проведёте,*проведу'т,*проведи',*проведи'те,*провёл,*провела',*провело',*провели'
проверить,прове'рить,провер,ить,perfective,проверять,и-conj,прове'рю,прове'ришь,прове'рит,прове'рим,прове'рите,прове'рят,прове'рь,прове'рьте,прове'рил,прове'рила,прове'рило,прове'рили
проводить,проводи'ть,провод,ить,both,провести;провожа'ть,и-conj,*провожу',~прово'дишь,~прово'дит,~прово'дим,~прово'дите,~прово'дят,проводи',проводи'те,проводи'л,проводи'ла,проводи'ло,проводи'ли
продаваться,продава'ться,продав,аться,imperfective,продаться,е-conj,продаю'сь,*продаёшься,*продаётся,*продаёмся,*продаётесь,*продаю'тся,продава'йся,продава'йтесь,продава'лся,продава'лась,продава'лось,продава'лись
продолжить,продо'лжить,продолж,ить,perfective,продолжать,и-conj,продо'лжу,продо'лжишь,продо'лжит,продо'лжим,продо'лжите,продо'лжат,*продо'лжи,*продо'лжите,продо'лжил,продо'лжила,продо'лжило,продо'лжили
проехать,прое'хать,проех,ать,perfective,проезжать,е-conj,*прое'ду,*прое'дешь,*прое'дет,*прое'дем,*прое'дете,*прое'дут,*проезжа'й,*проезжа'йте,прое'хал,прое'хала,прое'хало,прое'хали
прожить,прожи'ть,прож,ить,perfective,проживать,*е-conj,*проживу',*проживёшь,*проживёт,*проживём,*проживёте,*проживу'т,*проживи',*проживи'те,прожи'л,~прожила',прожи'ло,прожи'ли
проиграть,проигра'ть,проигр,ать,perfective,проигрывать,е-conj,проигра'ю,проигра'ешь,проигра'ет,проигра'ем,проигра'ете,проигра'ют,проигра'й,проигра'йте,проигра'л,проигра'ла,проигра'ло,проигра'ли
производить,производи'ть,производ,ить,imperfective,произвести,и-conj,*произвожу',~произво'дишь,~произво'дит,~произво'дим,~произво'дите,~произво'дят,производи',производи'те,производи'л,производи'ла,производи'ло,производи'ли
пропустить,пропусти'ть,пропуст,ить,perfective,пропускать,и-conj,*пропущу',~пропу'стишь,~пропу'стит,~пропу'стим,~пропу'стите,~пропу'стят,пропусти',пропусти'те,пропусти'л,пропусти'ла,пропусти'ло,пропусти'ли
проспать,проспа'ть,просп,ать,perfective,просыпать,*и-conj,просплю',проспи'шь,проспи'т,проспи'м,проспи'те,проспя'т,проспи',проспи'те,проспа'л,~проспала',проспа'ло,проспа'ли
простить,прости'ть,прост,ить,perfective,прощать,и-conj,*прощу',прости'шь,прости'т,прости'м,прости'те,простя'т,прости',прости'те,прости'л,прости'ла,прости'ло,прости'ли
простоять,простоя'ть,просто,ять,perfective,простаивать,*и-conj,простою',простои'шь,простои'т,простои'м,простои'те,простоя'т,~просто'й,~просто'йте,простоя'л,простоя'ла,простоя'ло,простоя'ли
прыгать,пры'гать,прыг,ать,imperfective,"попрыгать,прыгнуть",е-conj,пры'гаю,пры'гаешь,пры'гает,пры'гаем,пры'гаете,пры'гают,пры'гай,пры'гайте,пры'гал,пры'гала,пры'гало,пры'гали
путешествовать,путеше'ствовать,путешествов,ать,imperfective,попутешествовать,е-conj,путеше'ствую,путеше'ствуешь,путеше'ствует,путеше'ствуем,путеше'ствуете,путеше'ствуют,путеше'ствуй,путеше'ствуйте,путеше'ствовал,путеше'ствовала,путеше'ствовало,путеше'ствовали
работать,рабо'тать,работ,ать,imperfective,поработать;сработать,е-conj,рабо'таю,рабо'таешь,рабо'тает,рабо'таем,рабо'таете,рабо'тают,рабо'тай,рабо'тайте,рабо'тал,рабо'тала,рабо'тало,рабо'тали
разбить,разби'ть,разб,ить,perfective,разбивать,*е-conj,*разобью',*разобьёшь,*разобьёт,*разобьём,*разобьёте,*разобью'т,*разбе'й,*разбе'йте,разби'л,разби'ла,разби'ло,разби'ли
разобрать,разобра'ть,разобр,ать,perfective,разбирать,е-conj,*разберу',*разберёшь,*разберёт,*разберём,*разберёте,*разберу'т,*разбери',*разбери'те,разобра'л,~разобрала',разобра'ло,разобра'ли
разработать,разрабо'тать,разработ,ать,perfective,разрабатывать,е-conj,разрабо'таю,разрабо'таешь,разрабо'тает,разрабо'таем,разрабо'таете,разрабо'тают,разрабо'тай,разрабо'тайте,разрабо'тал,разрабо'тала,разрабо'тало,разрабо'тали
рассказывать,расска'зывать,рассказыв,ать,imperfective,рассказать,е-conj,расска'зываю,расска'зываешь,расска'зывает,расска'зываем,расска'зываете,расска'зывают,расска'зывай,расска'зывайте,расска'зывал,расска'зывала,расска'зывало,расска'зывали
расстроиться,расстро'иться,расстро,иться,perfective,расстраиваться,и-conj,расстро'юсь,расстро'ишься,расстро'ится,расстро'имся,расстро'итесь,расстро'ятся,расстро'йся,расстро'йтесь,расстро'ился,расстро'илась,расстро'илось,расстро'ились
рекомендовать,рекомендова'ть,рекомендов,ать,both,порекомендовать,е-conj,рекоменду'ю,рекоменду'ешь,рекоменду'ет,рекоменду'ем,рекоменду'ете,рекоменду'ют,рекоменду'й,рекоменду'йте,рекомендова'л,рекомендова'ла,рекомендова'ло,рекомендова'ли
решить,реши'ть,реш,ить,perfective,решать,и-conj,решу',реши'шь,реши'т,реши'м,реши'те,реша'т,реши',реши'те,реши'л,реши'ла,реши'ло,реши'ли
родиться,роди'ться,род,иться,perfective,рождаться,и-conj,*рожу'сь,роди'шься,роди'тся,роди'мся,роди'тесь,родя'тся,роди'сь,роди'тесь,роди'лся,~родила'сь,роди'лось,~родили'сь
сдавать,сдава'ть,сдав,ать,imperfective,сдать,е-conj,сдаю',сдаёшь,сдаёт,сдаём,сдаёте,сдаю'т,сдава'й,сдава'йте,сдава'л,сдава'ла,сдава'ло,сдава'ли
сесть,се'сть,,,perfective,садиться,е-conj,*ся'ду,*ся'дешь,*ся'дет,*ся'дем,*ся'дете,*ся'дут,*сядь,*ся'дьте,*се'л,*се'ла,*се'ло,*се'ли
сидеть,сиде'ть,сид,еть,imperfective,посиде'ть,*и-conj,*сижу',сиди'шь,сиди'т,сиди'м,сиди'те,сидя'т,сиди',сиди'те,сиде'л,сиде'ла,сиде'ло,сиде'ли
синеть,сине'ть,син,еть,imperfective,посинеть,е-conj,сине'ю,сине'ешь,сине'ет,сине'ем,сине'ете,сине'ют,сине'й,сине'йте,сине'л,сине'ла,сине'ло,сине'ли
скачать,скача'ть,скач,ать,perfective,скачивать,е-conj,*скачáю,*скачáешь,*скачáет,*скачáем,*скачáете,*скачáют,*скачáй,*скачáйте,*скачáл,*скачáла,*скачáло,*скачáли
скопировать,скопи'ровать,скопиров,ать,perfective,копировать,е-conj,скопи'рую,скопи'руешь,скопи'рует,скопи'руем,скопи'руете,скопи'руют,скопи'руй,скопи'руйте,скопи'ровал,скопи'ровала,скопи'ровало,скопи'ровали
следовать,сле'довать,следов,ать,imperfective,последовать,е-conj,сле'дую,сле'дуешь,сле'дует,сле'дуем,сле'дуете,сле'дуют,сле'дуй,сле'дуйте,сле'довал,сле'довала,сле'довало,сле'довали
сломать,слома'ть,слом,ать,perfective,ломать,е-conj,слома'ю,слома'ешь,слома'ет,слома'ем,слома'ете,слома'ют,слома'й,слома'йте,слома'л,слома'ла,слома'ло,слома'ли
служить,служи'ть,служ,ить,imperfective,послужить,и-conj,служу',~слу'жишь,~слу'жит,~слу'жим,~слу'жите,~слу'жат,служи',служи'те,служи'л,служи'ла,служи'ло,служи'ли
слушать,слу'шать,слуш,ать,imperfective,послушать,е-conj,слу'шаю,слу'шаешь,слу'шает,слу'шаем,слу'шаете,слу'шают,слу'шай,слу'шайте,слу'шал,слу'шала,слу'шало,слу'шали
слышать,слы'шать,слыш,ать,imperfective,услышать,*и-conj,слы'шу,слы'шишь,слы'шит,слы'шим,слы'шите,слы'шат,слы'шь,слы'шьте,слы'шал,слы'шала,слы'шало,слы'шали
смеяться,смея'ться,сме,яться,imperfective,засмеяться;посмеяться;рассмея'ться,е-conj,*смею'сь,*смеёшься,*смеётся,*смеёмся,*смеётесь,*смею'тся,*сме'йся,*сме'йтесь,смея'лся,смея'лась,смея'лось,смея'лись
снизить,сни'зить,сниз,ить,perfective,снижать,и-conj,*сни'жу,сни'зишь,сни'зит,сни'зим,сни'зите,сни'зят,сни'зь,сни'зьте,сни'зил,сни'зила,сни'зило,сни'зили
собираться,собира'ться,собир,аться,imperfective,собраться,е-conj,собира'юсь,собира'ешься,собира'ется,собира'емся,собира'етесь,собира'ются,собира'йся,собира'йтесь,собира'лся,собира'лась,собира'лось,собира'лись
собрать,собра'ть,собр,ать,perfective,собирать,е-conj,*соберу',*соберёшь,*соберёт,*соберём,*соберёте,*соберу'т,*собери',*собери'те,собра'л,~собрала',собра'ло,собра'ли
советовать,сове'товать,советов,ать,imperfective,посоветовать,е-conj,сове'тую,сове'туешь,сове'тует,сове'туем,сове'туете,сове'туют,сове'туй,сове'туйте,сове'товал,сове'товала,сове'товало,сове'товали
создать,созда'ть,созд,ать,perfective,создавать;созидать,unknown,*созда'м,*созда'шь,*созда'ст,*создади'м,*создади'те,*создаду'т,*созда'й,*созда'йте,~со'здал,~создала',созда'ло,~со'здали
солить,соли'ть,сол,ить,imperfective,посолить;насолить,и-conj,солю',~со'лишь,~со'лит,~со'лим,~со'лите,~со'лят,соли',соли'те,соли'л,соли'ла,соли'ло,соли'ли
слить,сли'ть,сл,ить,perfective,сливать,*е-conj,*солью',*сольёшь,*сольёт,*сольём,*сольёте,*солью'т,*сле'й,*сле'йте,сли'л,~слила',сли'ло,сли'ли
спать,спа'ть,сп,ать,imperfective,поспать,*и-conj,сплю',спи'шь,спи'т,спи'м,спи'те,спя'т,спи',спи'те,спа'л,~спала',спа'ло,спа'ли
ссориться,ссо'риться,ссор,иться,imperfective,"поссориться,рассориться",и-conj,ссо'рюсь,ссо'ришься,ссо'рится,ссо'римся,ссо'ритесь,ссо'рятся,ссо'рься,ссо'рьтесь,ссо'рился,ссо'рилась,ссо'рилось,ссо'рились
ставить,ста'вить,став,ить,imperfective,поставить,и-conj,ста'влю,ста'вишь,ста'вит,ста'вим,ста'вите,ста'вят,ста'вь,ста'вьте,ста'вил,ста'вила,ста'вило,ста'вили
стоить,сто'ить,сто,ить,imperfective,-,и-conj,сто'ю,сто'ишь,сто'ит,сто'им,сто'ите,сто'ят,сто'й,сто'йте,сто'ил,сто'ила,сто'ило,сто'или
стоять,стоя'ть,сто,ять,imperfective,,*и-conj,стою',стои'шь,стои'т,стои'м,стои'те,стоя'т,~сто'й,~сто'йте,стоя'л,стоя'ла,стоя'ло,стоя'ли
судить,суди'ть,суд,ить,imperfective,посудить,и-conj,*сужу',~су'дишь,~су'дит,~су'дим,~су'дите,~су'дят,суди',суди'те,суди'л,суди'ла,суди'ло,суди'ли
сушить,суши'ть,суш,ить,imperfective,высушить,и-conj,сушу',~су'шишь,~су'шит,~су'шим,~су'шите,~су'шат,суши',суши'те,суши'л,суши'ла,суши'ло,суши'ли
существовать,существова'ть,существов,ать,imperfective,просуществовать,е-conj,существу'ю,существу'ешь,существу'ет,существу'ем,существу'ете,существу'ют,существу'й,существу'йте,существова'л,существова'ла,существова'ло,существова'ли
считать,счита'ть,счит,ать,imperfective,честь;счесть;посчитать,е-conj,счита'ю,счита'ешь,счита'ет,счита'ем,счита'ете,счита'ют,счита'й,счита'йте,счита'л,счита'ла,счита'ло,счита'ли
танцевать,танцева'ть,танцев,ать,imperfective,потанцевать,е-conj,танцу'ю,танцу'ешь,танцу'ет,танцу'ем,танцу'ете,танцу'ют,танцу'й,танцу'йте,танцева'л,танцева'ла,танцева'ло,танцева'ли
тренироваться,тренирова'ться,трениров,аться,imperfective,натренироваться,е-conj,~трениру'юсь,~трениру'ешься,*трениру'ется,*трениру'емся,~трениру'етесь,*трениру'ются,*трениру'йся,~трениру'йтесь,тренирова'лся,тренирова'лась,тренирова'лось,тренирова'лись
убежать,убежа'ть,убеж,ать,perfective,убегать,*и-conj,*убегу',убежи'шь,убежи'т,убежи'м,убежи'те,*убегу'т,*убеги',*убеги'те,убежа'л,убежа'ла,убежа'ло,убежа'ли
уволить,уво'лить,увол,ить,perfective,увольнять,и-conj,уво'лю,уво'лишь,уво'лит,уво'лим,уво'лите,уво'лят,уво'ль,уво'льте,уво'лил,уво'лила,уво'лило,уво'лили
углубиться,углуби'ться,углуб,иться,perfective,углубляться,и-conj,углублю'сь,углуби'шься,углуби'тся,углуби'мся,углуби'тесь,углубя'тся,углуби'сь,углуби'тесь,углуби'лся,углуби'лась,углуби'лось,углуби'лись
удалить,удали'ть,удал,ить,perfective,удалять,и-conj,удалю',удали'шь,удали'т,удали'м,удали'те,удаля'т,удали',удали'те,удали'л,удали'ла,удали'ло,удали'ли
ужинать,у'жинать,ужин,ать,imperfective,поужинать,е-conj,у'жинаю,у'жинаешь,у'жинает,у'жинаем,у'жинаете,у'жинают,у'жинай,у'жинайте,у'жинал,у'жинала,у'жинало,у'жинали
уметь,уме'ть,ум,еть,imperfective,суметь,е-conj,уме'ю,уме'ешь,уме'ет,уме'ем,уме'ете,уме'ют,уме'й,уме'йте,уме'л,уме'ла,уме'ло,уме'ли
упасть,упа'сть,,,perfective,падать,е-conj,*упаду',*упадёшь,*упадёт,*упадём,*упадёте,*упаду'т,*упади',*упади'те,*упа'л,*упа'ла,*упа'ло,*упа'ли
устать,уста'ть,уст,ать,perfective,уставать,е-conj,*уста'ну,*уста'нешь,*уста'нет,*уста'нем,*уста'нете,*уста'нут,*уста'нь,*уста'ньте,уста'л,уста'ла,уста'ло,уста'ли
участвовать,уча'ствовать,участвов,ать,imperfective,поучаствовать,е-conj,уча'ствую,уча'ствуешь,уча'ствует,уча'ствуем,уча'ствуете,уча'ствуют,уча'ствуй,уча'ствуйте,уча'ствовал,уча'ствовала,уча'ствовало,уча'ствовали
учить,учи'ть,уч,ить,imperfective,выучить;научить;обучить,и-conj,учу',~у'чишь,~у'чит,~у'чим,~у'чите,~у'чат,учи',учи'те,учи'л,учи'ла,учи'ло,учи'ли
фотографировать,фотографи'ровать,фотографиров,ать,imperfective,сфотографировать,е-conj,фотографи'рую,фотографи'руешь,фотографи'рует,фотографи'руем,фотографи'руете,фотографи'руют,фотографи'руй,фотографи'руйте,фотографи'ровал,фотографи'ровала,фотографи'ровало,фотографи'ровали
ходить,ходи'ть,ход,ить,imperfective,сходить,и-conj,*хожу',~хо'дишь,~хо'дит,~хо'дим,~хо'дите,~хо'дят,ходи',ходи'те,ходи'л,ходи'ла,ходи'ло,ходи'ли
хорошеть,хороше'ть,хорош,еть,imperfective,похорошеть,е-conj,хороше'ю,хороше'ешь,хороше'ет,хороше'ем,хороше'ете,хороше'ют,хороше'й,хороше'йте,хороше'л,хороше'ла,хороше'ло,хороше'ли
хотеть,хоте'ть,хот,еть,imperfective,захотеть,е-conj,*хочу',*хо'чешь,*хо'чет,*хоти'м,*хоти'те,*хотя'т,*хоти',*хоти'те,хоте'л,хоте'ла,хоте'ло,хоте'ли
хотеться,хоте'ться,хот,еться,imperfective,захотеться,unknown,?,?,*хо'чется,?,?,?,?,?,?,?,хоте'лось,?
чаять,ча'ять,ча,ять,imperfective,-,е-conj,*ча'ю,*ча'ешь,*ча'ет,*ча'ем,*ча'ете,*ча'ют,*ча'й,*ча'йте,ча'ял,ча'яла,ча'яло,ча'яли
частить,части'ть,част,ить,imperfective,-,и-conj,*чащу',части'шь,части'т,части'м,части'те,частя'т,части',части'те,части'л,части'ла,части'ло,части'ли
чувствовать,чу'вствовать,чувствов,ать,imperfective,почувствовать,е-conj,чу'вствую,чу'вствуешь,чу'вствует,чу'вствуем,чу'вствуете,чу'вствуют,чу'вствуй,чу'вствуйте,чу'вствовал,чу'вствовала,чу'вствовало,чу'вствовали
